[
{
    "model": "auth.user",
    "fields": {
        "password": "pbkdf2_sha256$260000$eT4wJKMBMkRhQWNuMlGFNS$gXi3dIGQOgwxupQTfLs/bTuiAfD9Sp3gvbrGdI+of20=",
        "last_login": "2021-05-25T19:36:21.867Z",
        "is_superuser": true,
        "username": "admin",
        "first_name": "",
        "last_name": "",
        "email": "tanomartin3@gmail.com",
        "is_staff": true,
        "is_active": true,
        "date_joined": "2021-05-01T00:46:54.740Z",
        "groups": [],
        "user_permissions": []
    }
},
{
    "model": "website.about",
    "pk": 1,
    "fields": {
        "title": "Learn more about us",
        "subtitle": "Ullamco laboris nisi ut aliquip ex ea commodo consequat. Duis aute irure dolor in reprehenderit in voluptate tera noden carma palorp mades tera.",
        "picture": "about.jpeg",
        "footer": "Lorem ipsum dolor sit amet, consectetur adipiscing elit, sed do eiusmod tempor incididunt ut labore et dolore magna aliqua.",
        "date_add": "2021-05-04T14:49:45.607Z",
        "date_update": "2021-05-07T10:12:14.319Z",
        "status": true,
        "option": [
            2,
            3
        ]
    }
},
{
    "model": "website.optionabout",
    "pk": 1,
    "fields": {
        "description": "Ullamco laboris nisi ut aliquip ex ea commodo consequat.",
        "date_add": "2021-05-04T14:48:45.894Z",
        "date_update": "2021-05-07T10:07:18.702Z",
        "status": true
    }
},
{
    "model": "website.optionabout",
    "pk": 2,
    "fields": {
        "description": "Duis aute irure dolor in reprehenderit in voluptate velit.",
        "date_add": "2021-05-04T14:48:59.788Z",
        "date_update": "2021-05-04T14:48:59.788Z",
        "status": true
    }
},
{
    "model": "website.optionabout",
    "pk": 3,
    "fields": {
        "description": "dedsdfgh",
        "date_add": "2021-05-07T10:03:43.564Z",
        "date_update": "2021-05-07T10:03:43.564Z",
        "status": true
    }
},
{
    "model": "website.banner",
    "pk": 1,
    "fields": {
        "title": "We design digital products that help grow businesses",
        "description": "bienve,nue",
        "picture": "hero-img.png",
        "date_add": "2021-05-04T14:27:46.397Z",
        "date_update": "2021-05-04T15:29:18.009Z",
        "status": false
    }
},
{
    "model": "website.banner",
    "pk": 2,
    "fields": {
        "title": "Nous concevons des produits numériques qui aident à développer les entreprises",
        "description": "Nous sommes une équipe de designers talentueux qui créent des sites Web avec Bootstrap",
        "picture": "hero-img_dAbgDyM.png",
        "date_add": "2021-05-04T15:28:49.765Z",
        "date_update": "2021-05-06T19:57:39.044Z",
        "status": true
    }
},
{
    "model": "website.contact",
    "pk": 4,
    "fields": {
        "name": "Tano Martin",
        "email": "mathmart7@gmail.com",
        "subject": "ty-y",
        "message": "eret",
        "date_add": "2021-05-25T22:11:59.939Z",
        "date_update": "2021-05-25T22:11:59.940Z",
        "status": true
    }
},
{
    "model": "website.contact",
    "pk": 5,
    "fields": {
        "name": "Rufus",
        "email": "abozanolivier@yahoo.fr",
        "subject": "Demande de souscription au premium solo",
        "message": "dsrddt",
        "date_add": "2021-05-25T22:23:06.690Z",
        "date_update": "2021-05-25T22:23:06.690Z",
        "status": true
    }
},
{
    "model": "website.newsletter",
    "pk": 1,
    "fields": {
        "email": "tanomartin@gmail.com",
        "date_add": "2021-05-15T08:56:50.860Z",
        "date_update": "2021-05-15T08:56:50.860Z",
        "status": true
    }
},
{
    "model": "website.newsletter",
    "pk": 2,
    "fields": {
        "email": "abozanolivier@yahoo.fr",
        "date_add": "2021-05-25T22:42:24.986Z",
        "date_update": "2021-05-25T22:42:24.986Z",
        "status": true
    }
},
{
    "model": "website.website",
    "pk": 1,
    "fields": {
        "name_site": "Échafaud",
        "description_service": "Les peines d'un grand avantage à relever. Lui, en effet, aux nécessités de sa fuite est le résultat de quelque chose. Qu'il y ait consectetur velit. Quiconque a la cupidité. Et personne n'a à empêcher un reçoit le reste, pour le. Parce que cet homme a fui les devoirs à l'avantage, on se rend compte que c'est un quas.",
        "description_portfolio": "Les peines d'un grand avantage à relever. Lui, en effet, aux nécessités de sa fuite est le résultat de quelque chose. Qu'il y ait consectetur velit. Quiconque a la cupidité. Et personne n'a à empêcher un reçoit le reste, pour le. Parce que cet homme a fui les devoirs à l'avantage, on se rend compte que c'est un quas.",
        "call_action": "Vouloir être une douleur dans le cupidatat cillum a été critiqué dans la fuite Duis et dolore magna ne produit aucun plaisir résultant. Sauf que cupidatat les noirs ne sont pas excepteur, sont apaisants pour l'âme, c'est-à-dire qu'ils ont déserté les devoirs généraux de ceux qui sont à blâmer pour vos ennuis.",
        "description_testimonial": "Les peines d'un grand avantage à relever. Lui, en effet, aux nécessités de sa fuite est le résultat de quelque chose. Qu'il y ait consectetur velit. Quiconque a la cupidité. Et personne n'a à empêcher un reçoit le reste, pour le. Parce que cet homme a fui les devoirs à l'avantage, on se rend compte que c'est un quas.",
        "description_team": "Les peines d'un grand avantage à relever. Lui, en effet, aux nécessités de sa fuite est le résultat de quelque chose. Qu'il y ait consectetur velit. Quiconque a la cupidité. Et personne n'a à empêcher un reçoit le reste, pour le. Parce que cet homme a fui les devoirs à l'avantage, on se rend compte que c'est un quas.",
        "description_client": "Les peines d'un grand avantage à relever. Lui, en effet, aux nécessités de sa fuite est le résultat de quelque chose. Qu'il y ait consectetur velit. Quiconque a la cupidité. Et personne n'a à empêcher un reçoit le reste, pour le. Parce que cet homme a fui les devoirs à l'avantage, on se rend compte que c'est un quas.",
        "description_pricing": "Les peines d'un grand avantage à relever. Lui, en effet, aux nécessités de sa fuite est le résultat de quelque chose. Qu'il y ait consectetur velit. Quiconque a la cupidité. Et personne n'a à empêcher un reçoit le reste, pour le. Parce que cet homme a fui les devoirs à l'avantage, on se rend compte que c'est un quas.",
        "description_newletter": "Tamen quem nulla quae legam multos aute sint culpa legam noster magna martin",
        "location": "A108 Adam Street, New York, NY 535022",
        "email": "info@example.com",
        "contact": "+1 5589 55488 55s",
        "maps": "https://www.google.com/maps/embed?pb=!1m14!1m8!1m3!1d12097.433213460943!2d-74.0062269!3d40.7101282!3m2!1i1024!2i768!4f13.1!3m3!1m2!1s0x0%3A0xb89d1fe6bc499443!2sDowntown+Conference+Center!5e0!3m2!1smk!2sbg!4v1539943755621",
        "copyrights": "© Copyright Scaffold . Tous les droits sont réservés",
        "date_add": "2021-05-04T14:43:02.412Z",
        "date_update": "2021-05-15T09:02:30.989Z",
        "status": true
    }
},
{
    "model": "website.socialicon",
    "pk": 1,
    "fields": {
        "name": "facebook",
        "link": "facebokk.com/gyuj",
        "icon": "bi bi-facebook",
        "date_add": "2021-05-04T14:31:32.541Z",
        "date_update": "2021-05-04T14:31:32.541Z",
        "status": true
    }
},
{
    "model": "website.socialicon",
    "pk": 2,
    "fields": {
        "name": "instagram",
        "link": "instagram.om",
        "icon": "bi bi-instagram",
        "date_add": "2021-05-04T14:32:37.141Z",
        "date_update": "2021-05-04T14:32:37.141Z",
        "status": true
    }
},
{
    "model": "website.socialicon",
    "pk": 3,
    "fields": {
        "name": "linkedin",
        "link": "linkedin.com",
        "icon": "bi bi-linkedin",
        "date_add": "2021-05-04T14:33:16.438Z",
        "date_update": "2021-05-04T15:43:20.166Z",
        "status": true
    }
},
{
    "model": "website.socialicon",
    "pk": 4,
    "fields": {
        "name": "twitter",
        "link": "twitter.com",
        "icon": "bi bi-twitter",
        "date_add": "2021-05-04T14:33:50.180Z",
        "date_update": "2021-05-04T15:43:23.709Z",
        "status": true
    }
},
{
    "model": "website.team",
    "pk": 1,
    "fields": {
        "name": "Walter White",
        "poste": "Chief Executive Officer",
        "picture": "team-1.jpg",
        "twitter": "WalterWhite.com",
        "facebook": "WalterWhite.com",
        "linkedin": "WalterWhite.com",
        "instagram": "WalterWhite.instagram",
        "date_add": "2021-05-06T19:39:56.102Z",
        "date_update": "2021-05-06T19:39:56.102Z",
        "status": true
    }
},
{
    "model": "website.team",
    "pk": 2,
    "fields": {
        "name": "Sarah Jhonson",
        "poste": "Product Manager",
        "picture": "team-2.jpg",
        "twitter": "Sarah Jhonson",
        "facebook": "Sarah Jhonson",
        "linkedin": "Sarah Jhonson",
        "instagram": "Sarah Jhonson",
        "date_add": "2021-05-06T19:40:46.094Z",
        "date_update": "2021-05-06T19:40:46.094Z",
        "status": true
    }
},
{
    "model": "website.team",
    "pk": 3,
    "fields": {
        "name": "William Anderson",
        "poste": "CTO",
        "picture": "team-3.jpg",
        "twitter": "William Anderson",
        "facebook": "William Anderson",
        "linkedin": "William Anderson",
        "instagram": "William Anderson",
        "date_add": "2021-05-06T19:41:28.117Z",
        "date_update": "2021-05-06T19:41:28.117Z",
        "status": true
    }
},
{
    "model": "service.service",
    "pk": 1,
    "fields": {
        "title": "Nemo Enim",
        "icon": "bx bx-world",
        "description": "At vero eos et accusamus et iusto odio dignissimos ducimus qui blanditiis praesentium voluptatum",
        "color": "blue",
        "date_add": "2021-05-08T13:02:55.225Z",
        "date_update": "2021-05-08T13:02:55.225Z",
        "status": true
    }
},
{
    "model": "service.service",
    "pk": 2,
    "fields": {
        "title": "Magni Dolores",
        "icon": "bx bx-tachometer",
        "description": "Excepteur sint occaecat cupidatat non proident, sunt in culpa qui officia deserunt mollit anim",
        "color": "green",
        "date_add": "2021-05-08T13:04:11.767Z",
        "date_update": "2021-05-08T13:04:11.767Z",
        "status": true
    }
},
{
    "model": "service.service",
    "pk": 3,
    "fields": {
        "title": "Sed ut perspiciatis",
        "icon": "bx bx-file",
        "description": "Duis aute irure dolor in reprehenderit in voluptate velit esse cillum dolore eu fugiat nulla",
        "color": "cyan",
        "date_add": "2021-05-08T13:05:04.787Z",
        "date_update": "2021-05-08T13:05:04.788Z",
        "status": true
    }
},
{
    "model": "service.service",
    "pk": 4,
    "fields": {
        "title": "Martin icon",
        "icon": "bx bxl-dribbble",
        "description": "Voluptatum deleniti atque corrupti quos dolores et quas molestias excepturi sint occaecati cupiditate",
        "color": "pink",
        "date_add": "2021-05-08T13:05:56.094Z",
        "date_update": "2021-05-08T13:05:56.094Z",
        "status": true
    }
},
{
    "model": "service.faq",
    "pk": 1,
    "fields": {
        "question": "C'était rehaussé par le pot au lit pour les devoirs?",
        "reponse": "Niveaux de prix Vel ce problème. Ne pas Curabitur gravida urna id volutpat lacus laoreet tempus iaculis. Magna fringilla sem cursus à porttitor venenatis lectus rhoncus dolor pur il est.",
        "date_add": "2021-05-06T20:12:03.824Z",
        "date_update": "2021-05-06T20:12:03.824Z",
        "status": true
    }
},
{
    "model": "service.faq",
    "pk": 2,
    "fields": {
        "question": "Goût macro de l'ordinateur de chili. Carquois ou panaché et laid maintenant besoin de douleur de lorem?",
        "reponse": "Laoreet sit amet cursus sit amet dictum sit amet justo. Mauris vitae ultricies leo integer malesuada nunc vel. Tincidunt eget nullam non nisi est sit amet. Turpis nunc eget lorem dolor sed. Ut venenatis tellus in metus vulputate eu scelerisque. Pellentesque diam volutpat commodo sed egestas egestas fringilla phasellus faucibus. Nibh tellus molestie nunc non blandit massa enim nec.",
        "date_add": "2021-05-06T20:12:40.117Z",
        "date_update": "2021-05-06T20:12:40.117Z",
        "status": true
    }
},
{
    "model": "service.faq",
    "pk": 3,
    "fields": {
        "question": "Le temps pour les uns que les orques pellentesques ornare tortor conséquat vestibulum et at?",
        "reponse": "Molestie a iaculis at erat pellentesque adipiscing commodo. Dignissim suspendisse in est ante in. Nunc vel risus commodo viverra maecenas accumsan. Sit amet nisl suscipit adipiscing bibendum est. Purus gravida quis blandit turpis cursus in",
        "date_add": "2021-05-06T20:13:06.132Z",
        "date_update": "2021-05-06T20:13:06.132Z",
        "status": true
    }
},
{
    "model": "service.faq",
    "pk": 4,
    "fields": {
        "question": "Soupe aux carottes et aux tomates nutrition résidents de premier cycle soccer?",
        "reponse": "Eleifend mi in nulla posuere sollicitudin aliquam ultrices sagittis orci. Faucibus pulvinar elementum integer enim. Sem nulla pharetra diam sit amet nisl suscipit. Rutrum tellus pellentesque eu tincidunt. Lectus urna duis convallis convallis tellus. Urna molestie at elementum eu facilisis sed odio morbi quis",
        "date_add": "2021-05-06T20:13:22.627Z",
        "date_update": "2021-05-06T20:13:22.627Z",
        "status": true
    }
},
{
    "model": "service.faq",
    "pk": 5,
    "fields": {
        "question": "Ac odio tempus orci dapibus. Aliquam eleifend, mon seigneur, non?",
        "reponse": "Dolor sit amet consectetur adipiscing elit pellentesque habitant morbi. Id interdum velit laoreet id donec ultrices. Fringilla phasellus faucibus scelerisque eleifend donec pretium. Est pellentesque elit ullamcorper dignissim. Mauris ultrices eros in cursus turpis massa tincidunt dui.",
        "date_add": "2021-05-06T20:13:38.554Z",
        "date_update": "2021-05-06T20:13:38.554Z",
        "status": true
    }
},
{
    "model": "service.faq",
    "pk": 6,
    "fields": {
        "question": "Vel hepimiz soccer est maintenant des passes des enfants?",
        "reponse": "Carottes soupe aux tomates nutrition résidents de premier cycle de la maladie. Parfois dans les ultrices velit laoreet id donec. Le Japon jusqu'au goût du chocolat en bateau écologique. L'atout élit des enfants. Dans le basket-ball, la plus grande arachide exécutant les développeurs Massa en vaut la peine.",
        "date_add": "2021-05-06T20:14:16.102Z",
        "date_update": "2021-05-06T20:14:16.102Z",
        "status": true
    }
},
{
    "model": "service.faq",
    "pk": 7,
    "fields": {
        "question": "Quel est la couleur de la moto de papa ?",
        "reponse": "red",
        "date_add": "2021-05-10T03:49:38.231Z",
        "date_update": "2021-05-10T03:49:38.231Z",
        "status": true
    }
},
{
    "model": "service.prestation",
    "pk": 1,
    "fields": {
        "title": "Photoshop",
        "description": "Retouche photo en tout genre.",
        "picture": "features-2.png",
        "date_add": "2021-05-10T03:13:14.162Z",
        "date_update": "2021-05-10T03:13:14.162Z",
        "status": true
    }
},
{
    "model": "service.prestation",
    "pk": 2,
    "fields": {
        "title": "AutoCard",
        "description": "Réalisation de carte en 3D",
        "picture": "features-1_DarDOxI.png",
        "date_add": "2021-05-10T03:14:04.478Z",
        "date_update": "2021-05-10T03:14:04.478Z",
        "status": true
    }
},
{
    "model": "service.prestation",
    "pk": 3,
    "fields": {
        "title": "Web design",
        "description": "Ratoiune hic saperinte nortun stgfgau douretvy styu",
        "picture": "features-3.png",
        "date_add": "2021-05-10T03:14:55.933Z",
        "date_update": "2021-05-10T03:14:55.933Z",
        "status": true
    }
},
{
    "model": "service.prestation",
    "pk": 4,
    "fields": {
        "title": "Futter",
        "description": "Confection d'application mobil android et IOS",
        "picture": "features-4.png",
        "date_add": "2021-05-10T03:15:42.063Z",
        "date_update": "2021-05-10T03:15:42.063Z",
        "status": true
    }
},
{
    "model": "service.pack",
    "pk": 1,
    "fields": {
        "title": "Ultimate",
        "price": 51.0,
        "period": "mois",
        "marque": true,
        "title_marque": "Avancée",
        "activate": false,
        "date_add": "2021-05-15T09:10:33.499Z",
        "date_update": "2021-05-15T09:10:33.499Z",
        "status": true
    }
},
{
    "model": "service.pack",
    "pk": 2,
    "fields": {
        "title": "Développeur",
        "price": 35.0,
        "period": "mois",
        "marque": false,
        "title_marque": null,
        "activate": false,
        "date_add": "2021-05-15T09:12:17.510Z",
        "date_update": "2021-05-15T09:12:17.510Z",
        "status": true
    }
},
{
    "model": "service.pack",
    "pk": 3,
    "fields": {
        "title": "Business",
        "price": 25.0,
        "period": "an",
        "marque": false,
        "title_marque": null,
        "activate": true,
        "date_add": "2021-05-15T09:13:03.295Z",
        "date_update": "2021-05-15T09:13:03.295Z",
        "status": true
    }
},
{
    "model": "service.pack",
    "pk": 4,
    "fields": {
        "title": "Gratuit",
        "price": 0.0,
        "period": "mois",
        "marque": false,
        "title_marque": null,
        "activate": false,
        "date_add": "2021-05-15T09:13:35.912Z",
        "date_update": "2021-05-15T09:13:35.912Z",
        "status": true
    }
},
{
    "model": "service.advantage",
    "pk": 1,
    "fields": {
        "title": "Internet illimitée",
        "title_activate": true,
        "date_add": "2021-05-15T09:19:52.706Z",
        "date_update": "2021-05-15T09:19:52.706Z",
        "status": true,
        "pack": [
            1,
            2,
            3,
            4
        ]
    }
},
{
    "model": "service.advantage",
    "pk": 2,
    "fields": {
        "title": "Nec feugiat nisl",
        "title_activate": true,
        "date_add": "2021-05-15T09:20:38.836Z",
        "date_update": "2021-05-15T09:20:38.836Z",
        "status": true,
        "pack": [
            1,
            2,
            3,
            4
        ]
    }
},
{
    "model": "service.advantage",
    "pk": 3,
    "fields": {
        "title": "Nulla at volutpat dola",
        "title_activate": true,
        "date_add": "2021-05-15T09:21:02.195Z",
        "date_update": "2021-05-15T09:21:02.195Z",
        "status": true,
        "pack": [
            1,
            2,
            3,
            4
        ]
    }
},
{
    "model": "service.advantage",
    "pk": 4,
    "fields": {
        "title": "Pharetra massa",
        "title_activate": true,
        "date_add": "2021-05-15T09:21:27.979Z",
        "date_update": "2021-05-15T09:21:27.979Z",
        "status": true,
        "pack": [
            1,
            2,
            3
        ]
    }
},
{
    "model": "service.advantage",
    "pk": 5,
    "fields": {
        "title": "Massa ultricies mi",
        "title_activate": true,
        "date_add": "2021-05-15T09:21:53.210Z",
        "date_update": "2021-05-15T09:21:53.210Z",
        "status": true,
        "pack": [
            1,
            2
        ]
    }
},
{
    "model": "service.advantage",
    "pk": 6,
    "fields": {
        "title": "Massa ultricies mi",
        "title_activate": false,
        "date_add": "2021-05-15T09:22:45.764Z",
        "date_update": "2021-05-15T09:22:45.764Z",
        "status": true,
        "pack": [
            3,
            4
        ]
    }
},
{
    "model": "service.advantage",
    "pk": 7,
    "fields": {
        "title": "Pharetra massa",
        "title_activate": false,
        "date_add": "2021-05-15T09:22:58.905Z",
        "date_update": "2021-05-15T09:22:58.905Z",
        "status": true,
        "pack": [
            4
        ]
    }
},
{
    "model": "portfolio.category",
    "pk": 1,
    "fields": {
        "name": "APP",
        "date_add": "2021-05-04T16:11:30.970Z",
        "date_update": "2021-05-25T22:58:42.216Z",
        "status": true
    }
},
{
    "model": "portfolio.category",
    "pk": 2,
    "fields": {
        "name": "CARD",
        "date_add": "2021-05-04T16:11:57.105Z",
        "date_update": "2021-05-25T22:58:35.725Z",
        "status": true
    }
},
{
    "model": "portfolio.category",
    "pk": 3,
    "fields": {
        "name": "WEB",
        "date_add": "2021-05-04T16:12:00.548Z",
        "date_update": "2021-05-25T22:58:25.537Z",
        "status": true
    }
},
{
    "model": "portfolio.partner",
    "pk": 1,
    "fields": {
        "name": "grabyo",
        "logo": "client-8.png",
        "date_add": "2021-05-06T20:06:34.476Z",
        "date_update": "2021-05-06T20:06:34.476Z",
        "status": true
    }
},
{
    "model": "portfolio.partner",
    "pk": 2,
    "fields": {
        "name": "oldendorff",
        "logo": "client-7.png",
        "date_add": "2021-05-06T20:07:00.234Z",
        "date_update": "2021-05-06T20:07:00.234Z",
        "status": true
    }
},
{
    "model": "portfolio.partner",
    "pk": 3,
    "fields": {
        "name": "trustly",
        "logo": "client-6.png",
        "date_add": "2021-05-06T20:07:20.403Z",
        "date_update": "2021-05-06T20:07:20.403Z",
        "status": true
    }
},
{
    "model": "portfolio.partner",
    "pk": 4,
    "fields": {
        "name": "citrus",
        "logo": "client-5.png",
        "date_add": "2021-05-06T20:07:37.028Z",
        "date_update": "2021-05-06T20:07:37.028Z",
        "status": true
    }
},
{
    "model": "portfolio.partner",
    "pk": 5,
    "fields": {
        "name": "lilly",
        "logo": "client-4.png",
        "date_add": "2021-05-06T20:07:49.868Z",
        "date_update": "2021-05-06T20:07:49.868Z",
        "status": true
    }
},
{
    "model": "portfolio.partner",
    "pk": 6,
    "fields": {
        "name": "lifegroups",
        "logo": "client-3.png",
        "date_add": "2021-05-06T20:08:06.164Z",
        "date_update": "2021-05-06T20:08:06.164Z",
        "status": true
    }
},
{
    "model": "portfolio.partner",
    "pk": 7,
    "fields": {
        "name": "belimo",
        "logo": "client-2.png",
        "date_add": "2021-05-06T20:08:20.833Z",
        "date_update": "2021-05-06T20:08:20.833Z",
        "status": true
    }
},
{
    "model": "portfolio.partner",
    "pk": 8,
    "fields": {
        "name": "myob",
        "logo": "client-1.png",
        "date_add": "2021-05-06T20:08:32.378Z",
        "date_update": "2021-05-06T20:08:32.378Z",
        "status": true
    }
},
{
    "model": "portfolio.project",
    "pk": 1,
    "fields": {
        "name": "Project information",
        "title": "This is an example of portfolio detail",
        "description": "Autem ipsum nam porro corporis rerum. Quis eos dolorem eos itaque inventore commodi labore quia quia. Exercitationem repudiandae officiis neque suscipit non officia eaque itaque enim. Voluptatem officia accusantium nesciunt est omnis tempora consectetur dignissimos. Sequi nulla at esse enim cum deserunt eius.",
        "client": "ASU Company",
        "date_project": "2021-05-04",
        "url_project": "www.example.com",
        "categorie": 2,
        "date_add": "2021-05-04T16:16:47.163Z",
        "date_update": "2021-05-25T23:07:02.944Z",
        "status": true
    }
},
{
    "model": "portfolio.project",
    "pk": 2,
    "fields": {
        "name": "Scaflod",
        "title": "This is an example of portfolio detail",
        "description": "L'explorateur de la. S'engage, par conséquent, n'a pas, pour les devoirs de ces symptômes ne doivent pas exercer les devoirs de répudié. Chaque fois que la responsabilité principale de dénoncer le plaisir le fait est méritoire. Mais il n'y avait pas de suivi lorsque vous le perdez.",
        "client": "Nan business",
        "date_project": "2021-05-04",
        "url_project": "www.jetanime.com",
        "categorie": 2,
        "date_add": "2021-05-04T16:17:28.492Z",
        "date_update": "2021-05-25T23:06:49.906Z",
        "status": true
    }
},
{
    "model": "portfolio.project",
    "pk": 3,
    "fields": {
        "name": "Heath Care",
        "title": "Ceci est un exemple de détail de portefeuille",
        "description": "Maintenant, c'est sur le corps. Qui a appelé pour eux, parce que la douleur du travail, parce que c'est leur avantage? Ainsi pourrait l'explorateur de la. S'engage, par conséquent, n'a pas, pour les devoirs de ces symptômes ne doivent pas exercer les devoirs de répudié. Chaque fois que la responsabilité principale de dénoncer le plaisir le fait est méritoire. Mais il n'y avait pas de suivi lorsque vous le perdez.",
        "client": "ASU Company",
        "date_project": "2021-05-28",
        "url_project": "www.voiramine.com",
        "categorie": 3,
        "date_add": "2021-05-04T16:18:18.389Z",
        "date_update": "2021-05-25T23:05:08.843Z",
        "status": true
    }
},
{
    "model": "portfolio.project",
    "pk": 4,
    "fields": {
        "name": "Zay Shop",
        "title": "Pharetra massa",
        "description": "Quiconque a la cupidité. Et personne n'a à empêcher un reçoit le reste, pour le. Parce que cet homme a fui les devoirs à l'avantage, on se rend compte que c'est un quas.",
        "client": "Tano Martin",
        "date_project": "2021-05-12",
        "url_project": "tano.com",
        "categorie": 1,
        "date_add": "2021-05-25T23:08:12.695Z",
        "date_update": "2021-05-25T23:12:09.458Z",
        "status": true
    }
},
{
    "model": "portfolio.pictureproject",
    "pk": 1,
    "fields": {
        "picture": "portfolio-4_ojBNcu4.jpg",
        "projet": 1,
        "date_add": "2021-05-04T16:21:34.427Z",
        "date_update": "2021-05-25T23:08:36.639Z",
        "status": true
    }
},
{
    "model": "portfolio.pictureproject",
    "pk": 2,
    "fields": {
        "picture": "portfolio-1.jpg",
        "projet": 1,
        "date_add": "2021-05-04T16:23:34.420Z",
        "date_update": "2021-05-25T23:08:42.846Z",
        "status": true
    }
},
{
    "model": "portfolio.pictureproject",
    "pk": 4,
    "fields": {
        "picture": "portfolio-9.jpg",
        "projet": 1,
        "date_add": "2021-05-04T16:23:55.659Z",
        "date_update": "2021-05-25T23:08:49.790Z",
        "status": true
    }
},
{
    "model": "portfolio.pictureproject",
    "pk": 5,
    "fields": {
        "picture": "portfolio-8.jpg",
        "projet": 1,
        "date_add": "2021-05-04T16:24:04.570Z",
        "date_update": "2021-05-25T23:08:56.742Z",
        "status": true
    }
},
{
    "model": "portfolio.pictureproject",
    "pk": 6,
    "fields": {
        "picture": "portfolio-7.jpg",
        "projet": 2,
        "date_add": "2021-05-04T16:24:12.930Z",
        "date_update": "2021-05-25T23:09:04.147Z",
        "status": true
    }
},
{
    "model": "portfolio.pictureproject",
    "pk": 7,
    "fields": {
        "picture": "portfolio-5.jpg",
        "projet": 2,
        "date_add": "2021-05-04T16:24:23.661Z",
        "date_update": "2021-05-25T23:09:14.166Z",
        "status": true
    }
},
{
    "model": "portfolio.pictureproject",
    "pk": 8,
    "fields": {
        "picture": "portfolio-2_qm5qayU.jpg",
        "projet": 2,
        "date_add": "2021-05-04T16:24:31.233Z",
        "date_update": "2021-05-25T23:09:19.847Z",
        "status": true
    }
},
{
    "model": "portfolio.pictureproject",
    "pk": 9,
    "fields": {
        "picture": "PictureProject_file/seasonal-1.jpg",
        "projet": 3,
        "date_add": "2021-05-25T23:10:04.293Z",
        "date_update": "2021-05-25T23:10:04.294Z",
        "status": true
    }
},
{
    "model": "portfolio.pictureproject",
    "pk": 10,
    "fields": {
        "picture": "PictureProject_file/image_5.jpg",
        "projet": 3,
        "date_add": "2021-05-25T23:10:13.749Z",
        "date_update": "2021-05-25T23:10:13.749Z",
        "status": true
    }
},
{
    "model": "portfolio.pictureproject",
    "pk": 11,
    "fields": {
        "picture": "PictureProject_file/image_4.jpg",
        "projet": 3,
        "date_add": "2021-05-25T23:10:23.848Z",
        "date_update": "2021-05-25T23:10:23.848Z",
        "status": true
    }
},
{
    "model": "portfolio.pictureproject",
    "pk": 12,
    "fields": {
        "picture": "PictureProject_file/bg_1.jpg",
        "projet": 4,
        "date_add": "2021-05-25T23:10:34.222Z",
        "date_update": "2021-05-25T23:10:34.222Z",
        "status": true
    }
},
{
    "model": "portfolio.pictureproject",
    "pk": 13,
    "fields": {
        "picture": "PictureProject_file/seasonal-3.jpg",
        "projet": 4,
        "date_add": "2021-05-25T23:10:43.910Z",
        "date_update": "2021-05-25T23:10:43.910Z",
        "status": true
    }
},
{
    "model": "portfolio.testimonial",
    "pk": 1,
    "fields": {
        "name": "Tano Martin",
        "poste": "Ceo & Designer",
        "picture": "testimonials-5.jpg",
        "message": "Magnam dolores commodi suscipit. Necessitatibus eius consequatur ex aliquid fuga eum quidem. Sit sint consectetur velit. Quisquam quos quisquam cupiditate. Et nemo qui impedit suscipit alias ea. Quia fugiat sit in iste officiis commodi quidem hic quas.",
        "date_add": "2021-05-06T20:18:04.532Z",
        "date_update": "2021-05-06T20:18:04.532Z",
        "status": true
    }
},
{
    "model": "portfolio.testimonial",
    "pk": 2,
    "fields": {
        "name": "Azeez",
        "poste": "Store ower",
        "picture": "testimonials-4.jpg",
        "message": "Export tempor illum tamen malis malis eram quae irure esse labore quem cillum quid cillum eram malis quorum velit fore eram velit sunt aliqua noster fugiat irure amet legam anim culpa.",
        "date_add": "2021-05-06T20:19:20.474Z",
        "date_update": "2021-05-06T20:19:20.474Z",
        "status": true
    }
},
{
    "model": "portfolio.testimonial",
    "pk": 3,
    "fields": {
        "name": "Marie Noelle",
        "poste": "Desinger",
        "picture": "testimonials-3.jpg",
        "message": "Proin iaculis purus consequat sem cure digni ssim donec porttitora entum suscipit rhoncus. Accusantium quam, ultricies eget id, aliquam eget nibh et. Maecen aliquam, risus at semper.",
        "date_add": "2021-05-06T20:20:07.311Z",
        "date_update": "2021-05-06T20:20:07.311Z",
        "status": true
    }
},
{
    "model": "portfolio.testimonial",
    "pk": 4,
    "fields": {
        "name": "Marie Christelle",
        "poste": "Saul Goodwoman",
        "picture": "testimonials-2.jpg",
        "message": "Enim nisi quem export duis labore cillum quae magna enim sint quorum nulla quem veniam duis minim tempor labore quem eram duis noster aute amet eram fore quis sint minim.",
        "date_add": "2021-05-06T20:21:03.820Z",
        "date_update": "2021-05-06T20:21:03.820Z",
        "status": true
    }
},
{
    "model": "portfolio.testimonial",
    "pk": 5,
    "fields": {
        "name": "Amirou Diallo",
        "poste": "Freelancer",
        "picture": "testimonials-1.jpg",
        "message": "Fugiat enim eram quae cillum dolore dolor amet nulla culpa multos export minim fugiat minim velit minim dolor enim duis veniam ipsum anim magna sunt elit fore quem dolore labore illum veniam.",
        "date_add": "2021-05-06T20:21:58.145Z",
        "date_update": "2021-05-06T20:21:58.145Z",
        "status": true
    }
}
]
